{
  "executed_at": "2026-06-28T06:04:43.070695",
  "evcs": {
    "LUNA v9": {
      "mean": 20.494818169544935,
      "std": 0.10649122197020343,
      "best": 20.414325121346515
    },
    "AVOA": {
      "mean": 20.77871227193109,
      "std": 0.10885546829593823,
      "best": 20.63875004824942
    },
    "PSO": {
      "mean": 20.54071258096098,
      "std": 0.06940410538978567,
      "best": 20.432708633238768
    },
    "GA": {
      "mean": 20.535483646664236,
      "std": 0.04302880385582453,
      "best": 20.49610997982566
    },
    "DE": {
      "mean": 20.48325720232658,
      "std": 0.04974362359707717,
      "best": 20.414325121346515
    }
  },
  "load_forecasting": {
    "LUNA v9": {
      "avg_mape": 3.4512999239280533,
      "std_mape": 4.412710305444967,
      "min_mape": 0.14685599620245054
    },
    "AVOA": {
      "avg_mape": 2.7359666056805745,
      "std_mape": 3.1343158756001075,
      "min_mape": 0.12581376019844037
    },
    "PSO": {
      "avg_mape": 2.2922764959052166,
      "std_mape": 2.7333538846862147,
      "min_mape": 0.14028451643113488
    },
    "GA": {
      "avg_mape": 3.3842751004527543,
      "std_mape": 3.9801508050044103,
      "min_mape": 0.5371649181102047
    },
    "DE": {
      "avg_mape": 3.3157611521431223,
      "std_mape": 4.383530021873358,
      "min_mape": 0.1731300396769646
    }
  }
}