{
  "executed_at": "2026-06-28T16:16:53.546557",
  "dim": 10,
  "n_runs": 20,
  "max_iter": 500,
  "epsilons": [
    0.01,
    0.1,
    1.0,
    10.0,
    100.0,
    1000.0
  ],
  "per_function": {
    "F1": {
      "0.01": {
        "mean": 219.25,
        "std": 34.134842902817056,
        "hit_prob": 1.0,
        "n_hit": 20
      },
      "0.1": {
        "mean": 141.15,
        "std": 8.392109389182199,
        "hit_prob": 1.0,
        "n_hit": 20
      },
      "1.0": {
        "mean": 129.9,
        "std": 5.734980383575867,
        "hit_prob": 1.0,
        "n_hit": 20
      },
      "10.0": {
        "mean": 106.7,
        "std": 14.495171609884443,
        "hit_prob": 1.0,
        "n_hit": 20
      },
      "100.0": {
        "mean": 81.4,
        "std": 14.650597257449952,
        "hit_prob": 1.0,
        "n_hit": 20
      },
      "1000.0": {
        "mean": 52.25,
        "std": 8.092434738692676,
        "hit_prob": 1.0,
        "n_hit": 20
      }
    },
    "F2": {
      "0.01": {
        "mean": 425.55555555555554,
        "std": 41.23809218324218,
        "hit_prob": 0.9,
        "n_hit": 18
      },
      "0.1": {
        "mean": 369.7,
        "std": 40.95009157498918,
        "hit_prob": 1.0,
        "n_hit": 20
      },
      "1.0": {
        "mean": 290.0,
        "std": 44.669900380457534,
        "hit_prob": 1.0,
        "n_hit": 20
      },
      "10.0": {
        "mean": 210.95,
        "std": 36.884244603895574,
        "hit_prob": 1.0,
        "n_hit": 20
      },
      "100.0": {
        "mean": 114.2,
        "std": 40.15420276882608,
        "hit_prob": 1.0,
        "n_hit": 20
      },
      "1000.0": {
        "mean": 70.25,
        "std": 26.683093898571805,
        "hit_prob": 1.0,
        "n_hit": 20
      }
    },
    "F3": {
      "0.01": {
        "mean": 454.4,
        "std": 42.09798094920943,
        "hit_prob": 0.5,
        "n_hit": 10
      },
      "0.1": {
        "mean": 271.8,
        "std": 70.43266287738949,
        "hit_prob": 1.0,
        "n_hit": 20
      },
      "1.0": {
        "mean": 168.15,
        "std": 37.30050267757795,
        "hit_prob": 1.0,
        "n_hit": 20
      },
      "10.0": {
        "mean": 84.15,
        "std": 18.08113657931934,
        "hit_prob": 1.0,
        "n_hit": 20
      },
      "100.0": {
        "mean": 0.0,
        "std": 0.0,
        "hit_prob": 1.0,
        "n_hit": 20
      },
      "1000.0": {
        "mean": 0.0,
        "std": 0.0,
        "hit_prob": 1.0,
        "n_hit": 20
      }
    },
    "F4": {
      "0.01": {
        "mean": null,
        "hit_prob": 0.0
      },
      "0.1": {
        "mean": null,
        "hit_prob": 0.0
      },
      "1.0": {
        "mean": null,
        "hit_prob": 0.0
      },
      "10.0": {
        "mean": 215.57142857142858,
        "std": 35.310286412469274,
        "hit_prob": 0.7,
        "n_hit": 14
      },
      "100.0": {
        "mean": 178.625,
        "std": 97.71378804958898,
        "hit_prob": 0.8,
        "n_hit": 16
      },
      "1000.0": {
        "mean": 141.1578947368421,
        "std": 59.6783158696821,
        "hit_prob": 0.95,
        "n_hit": 19
      }
    },
    "F5": {
      "0.01": {
        "mean": null,
        "hit_prob": 0.0
      },
      "0.1": {
        "mean": null,
        "hit_prob": 0.0
      },
      "1.0": {
        "mean": null,
        "hit_prob": 0.0
      },
      "10.0": {
        "mean": 409.9230769230769,
        "std": 39.641589540554186,
        "hit_prob": 0.65,
        "n_hit": 13
      },
      "100.0": {
        "mean": 103.2,
        "std": 15.863795258386311,
        "hit_prob": 1.0,
        "n_hit": 20
      },
      "1000.0": {
        "mean": 50.95,
        "std": 6.430202174115522,
        "hit_prob": 1.0,
        "n_hit": 20
      }
    },
    "F6": {
      "0.01": {
        "mean": null,
        "hit_prob": 0.0
      },
      "0.1": {
        "mean": null,
        "hit_prob": 0.0
      },
      "1.0": {
        "mean": null,
        "hit_prob": 0.0
      },
      "10.0": {
        "mean": 90.0,
        "std": 0.0,
        "hit_prob": 0.05,
        "n_hit": 1
      },
      "100.0": {
        "mean": 0.0,
        "std": 0.0,
        "hit_prob": 1.0,
        "n_hit": 20
      },
      "1000.0": {
        "mean": 0.0,
        "std": 0.0,
        "hit_prob": 1.0,
        "n_hit": 20
      }
    },
    "F7": {
      "0.01": {
        "mean": null,
        "hit_prob": 0.0
      },
      "0.1": {
        "mean": 256.25,
        "std": 16.931848688197046,
        "hit_prob": 0.2,
        "n_hit": 4
      },
      "1.0": {
        "mean": 76.4,
        "std": 19.087692369692046,
        "hit_prob": 1.0,
        "n_hit": 20
      },
      "10.0": {
        "mean": 0.0,
        "std": 0.0,
        "hit_prob": 1.0,
        "n_hit": 20
      },
      "100.0": {
        "mean": 0.0,
        "std": 0.0,
        "hit_prob": 1.0,
        "n_hit": 20
      },
      "1000.0": {
        "mean": 0.0,
        "std": 0.0,
        "hit_prob": 1.0,
        "n_hit": 20
      }
    },
    "F8": {
      "0.01": {
        "mean": 286.0,
        "std": 62.210127792828075,
        "hit_prob": 1.0,
        "n_hit": 20
      },
      "0.1": {
        "mean": 283.6,
        "std": 61.95595209501666,
        "hit_prob": 1.0,
        "n_hit": 20
      },
      "1.0": {
        "mean": 280.35,
        "std": 63.12549009710737,
        "hit_prob": 1.0,
        "n_hit": 20
      },
      "10.0": {
        "mean": 246.65,
        "std": 64.64075726660386,
        "hit_prob": 1.0,
        "n_hit": 20
      },
      "100.0": {
        "mean": 154.35,
        "std": 45.89801193951651,
        "hit_prob": 1.0,
        "n_hit": 20
      },
      "1000.0": {
        "mean": 78.4,
        "std": 35.00771343575584,
        "hit_prob": 1.0,
        "n_hit": 20
      }
    },
    "F9": {
      "0.01": {
        "mean": null,
        "hit_prob": 0.0
      },
      "0.1": {
        "mean": null,
        "hit_prob": 0.0
      },
      "1.0": {
        "mean": null,
        "hit_prob": 0.0
      },
      "10.0": {
        "mean": 377.2,
        "std": 43.93358624105253,
        "hit_prob": 0.5,
        "n_hit": 10
      },
      "100.0": {
        "mean": 187.64705882352942,
        "std": 65.0248289017543,
        "hit_prob": 0.85,
        "n_hit": 17
      },
      "1000.0": {
        "mean": 160.7,
        "std": 88.8172843538914,
        "hit_prob": 1.0,
        "n_hit": 20
      }
    },
    "F10": {
      "0.01": {
        "mean": 414.95,
        "std": 22.81112667099107,
        "hit_prob": 1.0,
        "n_hit": 20
      },
      "0.1": {
        "mean": 316.55,
        "std": 27.15414333025441,
        "hit_prob": 1.0,
        "n_hit": 20
      },
      "1.0": {
        "mean": 177.45,
        "std": 40.988382500411014,
        "hit_prob": 1.0,
        "n_hit": 20
      },
      "10.0": {
        "mean": 137.0,
        "std": 24.56420159500406,
        "hit_prob": 1.0,
        "n_hit": 20
      },
      "100.0": {
        "mean": 63.5,
        "std": 8.737848705488096,
        "hit_prob": 1.0,
        "n_hit": 20
      },
      "1000.0": {
        "mean": 23.8,
        "std": 9.378699270154684,
        "hit_prob": 1.0,
        "n_hit": 20
      }
    },
    "F11": {
      "0.01": {
        "mean": null,
        "hit_prob": 0.0
      },
      "0.1": {
        "mean": null,
        "hit_prob": 0.0
      },
      "1.0": {
        "mean": 413.0,
        "std": 16.0,
        "hit_prob": 0.1,
        "n_hit": 2
      },
      "10.0": {
        "mean": 272.125,
        "std": 52.52960474817986,
        "hit_prob": 0.4,
        "n_hit": 8
      },
      "100.0": {
        "mean": 249.15384615384616,
        "std": 119.38099716959606,
        "hit_prob": 0.65,
        "n_hit": 13
      },
      "1000.0": {
        "mean": 154.95,
        "std": 117.959516360487,
        "hit_prob": 1.0,
        "n_hit": 20
      }
    },
    "F12": {
      "0.01": {
        "mean": 428.4,
        "std": 15.21315220458929,