{
  "N_syn": {
    "1": 602.2484919390215,
    "3": 599.3095414038748,
    "5": 637.6567541843434,
    "7": 650.1033249019542,
    "10": 630.0063026758282
  },
  "orbital_decay": {
    "2": 606.6265938683855,
    "4": 604.7139639112384,
    "6": 632.3877866610962,
    "8": 637.6567541843434,
    "10": 646.5264595099043,
    "15": 633.5563855445587
  },
  "G0": {
    "1": 642.166761402324,
    "2": 728.5139131619695,
    "5": 637.6567541843434,
    "10": 608.3273657872724,
    "20": 633.8221910712987
  },
  "sigma_init": {
    "0.1": 669.1975427675873,
    "0.3": 641.9270135360583,
    "0.5": 637.6567541843434,
    "0.7": 917.7155212103753,
    "1.0": 798.0981265881962
  },
  "late_de_thresh": {
    "0.4": 634.167899803884,
    "0.5": 634.5469401443063,
    "0.6": 637.6567541843434,
    "0.7": 648.9765136325659,
    "0.8": 650.3625006576232
  }
}